atlas1_region,atlas2_region,n_voxels_overlap,fractional_region_overlap,atlas1_name,atlas2_name
1,17,5770,0.935776841,BN_Atlas_246,Yeo2011_17Networks_MNI152_FreeSurferConformed1mm_LiberalMask
2,7,6907,0.939472252,BN_Atlas_246,Yeo2011_17Networks_MNI152_FreeSurferConformed1mm_LiberalMask
3,16,6305,0.862163271,BN_Atlas_246,Yeo2011_17Networks_MNI152_FreeSurferConformed1mm_LiberalMask
4,13,5191,0.883875362,BN_Atlas_246,Yeo2011_17Networks_MNI152_FreeSurferConformed1mm_LiberalMask
5,17,5322,0.876771005,BN_Atlas_246,Yeo2011_17Networks_MNI152_FreeSurferConformed1mm_LiberalMask
6,17,6353,0.895040857,BN_Atlas_246,Yeo2011_17Networks_MNI152_FreeSurferConformed1mm_LiberalMask
7,6,4983,0.955696203,BN_Atlas_246,Yeo2011_17Networks_MNI152_FreeSurferConformed1mm_LiberalMask
8,6,4992,0.941176471,BN_Atlas_246,Yeo2011_17Networks_MNI152_FreeSurferConformed1mm_LiberalMask
9,7,5583,0.917803715,BN_Atlas_246,Yeo2011_17Networks_MNI152_FreeSurferConformed1mm_LiberalMask
10,3,5378,0.924849527,BN_Atlas_246,Yeo2011_17Networks_MNI152_FreeSurferConformed1mm_LiberalMask
11,17,5068,0.928545255,BN_Atlas_246,Yeo2011_17Networks_MNI152_FreeSurferConformed1mm_LiberalMask
12,13,6786,0.949888018,BN_Atlas_246,Yeo2011_17Networks_MNI152_FreeSurferConformed1mm_LiberalMask
13,16,7415,0.876788459,BN_Atlas_246,Yeo2011_17Networks_MNI152_FreeSurferConformed1mm_LiberalMask
14,16,6881,0.919550982,BN_Atlas_246,Yeo2011_17Networks_MNI152_FreeSurferConformed1mm_LiberalMask
15,8,8015,0.914641105,BN_Atlas_246,Yeo2011_17Networks_MNI152_FreeSurferConformed1mm_LiberalMask
16,8,7573,0.924664225,BN_Atlas_246,Yeo2011_17Networks_MNI152_FreeSurferConformed1mm_LiberalMask
17,12,6103,0.938201384,BN_Atlas_246,Yeo2011_17Networks_MNI152_FreeSurferConformed1mm_LiberalMask
18,13,4556,0.938800742,BN_Atlas_246,Yeo2011_17Networks_MNI152_FreeSurferConformed1mm_LiberalMask
19,13,6061,0.945996566,BN_Atlas_246,Yeo2011_17Networks_MNI152_FreeSurferConformed1mm_LiberalMask
20,13,7866,0.96231955,BN_Atlas_246,Yeo2011_17Networks_MNI152_FreeSurferConformed1mm_LiberalMask
21,12,7711,0.964598449,BN_Atlas_246,Yeo2011_17Networks_MNI152_FreeSurferConformed1mm_LiberalMask
22,8,7335,0.963863338,BN_Atlas_246,Yeo2011_17Networks_MNI152_FreeSurferConformed1mm_LiberalMask
23,13,7041,0.899923313,BN_Atlas_246,Yeo2011_17Networks_MNI152_FreeSurferConformed1mm_LiberalMask
24,13,5981,0.929737292,BN_Atlas_246,Yeo2011_17Networks_MNI152_FreeSurferConformed1mm_LiberalMask
25,6,4757,0.953497695,BN_Atlas_246,Yeo2011_17Networks_MNI152_FreeSurferConformed1mm_LiberalMask
26,13,4682,0.963374486,BN_Atlas_246,Yeo2011_17Networks_MNI152_FreeSurferConformed1mm_LiberalMask
27,13,6184,0.945565749,BN_Atlas_246,Yeo2011_17Networks_MNI152_FreeSurferConformed1mm_LiberalMask
28,13,7778,0.943588499,BN_Atlas_246,Yeo2011_17Networks_MNI152_FreeSurferConformed1mm_LiberalMask
29,12,2551,0.984561945,BN_Atlas_246,Yeo2011_17Networks_MNI152_FreeSurferConformed1mm_LiberalMask
30,12,2816,0.977099237,BN_Atlas_246,Yeo2011_17Networks_MNI152_FreeSurferConformed1mm_LiberalMask
31,12,3036,0.978407992,BN_Atlas_246,Yeo2011_17Networks_MNI152_FreeSurferConformed1mm_LiberalMask
32,12,2508,0.969837587,BN_Atlas_246,Yeo2011_17Networks_MNI152_FreeSurferConformed1mm_LiberalMask
33,17,2283,0.932979158,BN_Atlas_246,Yeo2011_17Networks_MNI152_FreeSurferConformed1mm_LiberalMask
34,17,2797,0.932644215,BN_Atlas_246,Yeo2011_17Networks_MNI152_FreeSurferConformed1mm_LiberalMask
35,17,2866,0.955333333,BN_Atlas_246,Yeo2011_17Networks_MNI152_FreeSurferConformed1mm_LiberalMask
36,8,3027,0.935992579,BN_Atlas_246,Yeo2011_17Networks_MNI152_FreeSurferConformed1mm_LiberalMask
37,8,3635,0.92776927,BN_Atlas_246,Yeo2011_17Networks_MNI152_FreeSurferConformed1mm_LiberalMask
38,8,4273,0.93870826,BN_Atlas_246,Yeo2011_17Networks_MNI152_FreeSurferConformed1mm_LiberalMask
39,17,2305,0.970526316,BN_Atlas_246,Yeo2011_17Networks_MNI152_FreeSurferConformed1mm_LiberalMask
40,8,2212,0.980062029,BN_Atlas_246,Yeo2011_17Networks_MNI152_FreeSurferConformed1mm_LiberalMask
41,16,3651,0.886165049,BN_Atlas_246,Yeo2011_17Networks_MNI152_FreeSurferConformed1mm_LiberalMask
42,16,4703,0.906689801,BN_Atlas_246,Yeo2011_17Networks_MNI152_FreeSurferConformed1mm_LiberalMask
43,17,3846,0.920536142,BN_Atlas_246,Yeo2011_17Networks_MNI152_FreeSurferConformed1mm_LiberalMask
44,17,3599,0.900650651,BN_Atlas_246,Yeo2011_17Networks_MNI152_FreeSurferConformed1mm_LiberalMask
45,10,7072,0.922876158,BN_Atlas_246,Yeo2011_17Networks_MNI152_FreeSurferConformed1mm_LiberalMask
46,10,8812,0.911649079,BN_Atlas_246,Yeo2011_17Networks_MNI152_FreeSurferConformed1mm_LiberalMask
47,10,4606,0.912621359,BN_Atlas_246,Yeo2011_17Networks_MNI152_FreeSurferConformed1mm_LiberalMask
48,10,5217,0.893321918,BN_Atlas_246,Yeo2011_17Networks_MNI152_FreeSurferConformed1mm_LiberalMask
49,10,5399,0.727431959,BN_Atlas_246,Yeo2011_17Networks_MNI152_FreeSurferConformed1mm_LiberalMask
50,10,5077,0.801673772,BN_Atlas_246,Yeo2011_17Networks_MNI152_FreeSurferConformed1mm_LiberalMask
51,17,4350,0.952693824,BN_Atlas_246,Yeo2011_17Networks_MNI152_FreeSurferConformed1mm_LiberalMask
52,17,3758,0.952356817,BN_Atlas_246,Yeo2011_17Networks_MNI152_FreeSurferConformed1mm_LiberalMask
53,4,6551,0.926853424,BN_Atlas_246,Yeo2011_17Networks_MNI152_FreeSurferConformed1mm_LiberalMask
54,4,3960,0.911812111,BN_Atlas_246,Yeo2011_17Networks_MNI152_FreeSurferConformed1mm_LiberalMask
55,6,5225,0.925925926,BN_Atlas_246,Yeo2011_17Networks_MNI152_FreeSurferConformed1mm_LiberalMask
56,6,6580,0.936788155,BN_Atlas_246,Yeo2011_17Networks_MNI152_FreeSurferConformed1mm_LiberalMask
57,3,4258,0.849391582,BN_Atlas_246,Yeo2011_17Networks_MNI152_FreeSurferConformed1mm_LiberalMask
58,3,4216,0.840677966,BN_Atlas_246,Yeo2011_17Networks_MNI152_FreeSurferConformed1mm_LiberalMask
59,3,1967,0.890851449,BN_Atlas_246,Yeo2011_17Networks_MNI152_FreeSurferConformed1mm_LiberalMask
60,3,3019,0.857183419,BN_Atlas_246,Yeo2011_17Networks_MNI152_FreeSurferConformed1mm_LiberalMask
61,7,3468,0.979384355,BN_Atlas_246,Yeo2011_17Networks_MNI152_FreeSurferConformed1mm_LiberalMask
62,7,3088,0.94318876,BN_Atlas_246,Yeo2011_17Networks_MNI152_FreeSurferConformed1mm_LiberalMask
63,12,5743,0.965210084,BN_Atlas_246,Yeo2011_17Networks_MNI152_FreeSurferConformed1mm_LiberalMask
64,12,5274,0.990050685,BN_Atlas_246,Yeo2011_17Networks_MNI152_FreeSurferConformed1mm_LiberalMask
65,3,2688,0.907801418,BN_Atlas_246,Yeo2011_17Networks_MNI152_FreeSurferConformed1mm_LiberalMask
66,3,3464,0.936975926,BN_Atlas_246,Yeo2011_17Networks_MNI152_FreeSurferConformed1mm_LiberalMask
67,3,3486,0.894075404,BN_Atlas_246,Yeo2011_17Networks_MNI152_FreeSurferConformed1mm_LiberalMask
68,3,4322,0.879885993,BN_Atlas_246,Yeo2011_17Networks_MNI152_FreeSurferConformed1mm_LiberalMask
69,9,5390,0.935926376,BN_Atlas_246,Yeo2011_17Networks_MNI152_FreeSurferConformed1mm_LiberalMask
70,9,5028,0.937010809,BN_Atlas_246,Yeo2011_17Networks_MNI152_FreeSurferConformed1mm_LiberalMask
71,4,3774,0.96670082,BN_Atlas_246,Yeo2011_17Networks_MNI152_FreeSurferConformed1mm_LiberalMask
72,4,2946,0.975496689,BN_Atlas_246,Yeo2011_17Networks_MNI152_FreeSurferConformed1mm_LiberalMask
73,4,6183,0.969274181,BN_Atlas_246,Yeo2011_17Networks_MNI152_FreeSurferConformed1mm_LiberalMask
74,4,5549,0.969257642,BN_Atlas_246,Yeo2011_17Networks_MNI152_FreeSurferConformed1mm_LiberalMask
75,14,4459,0.942108599,BN_Atlas_246,Yeo2011_17Networks_MNI152_FreeSurferConformed1mm_LiberalMask
76,4,3961,0.929812207,BN_Atlas_246,Yeo2011_17Networks_MNI152_FreeSurferConformed1mm_LiberalMask
77,9,3717,0.926701571,BN_Atlas_246,Yeo2011_17Networks_MNI152_FreeSurferConformed1mm_LiberalMask
78,14,4800,0.930052315,BN_Atlas_246,Yeo2011_17Networks_MNI152_FreeSurferConformed1mm_LiberalMask
79,14,4904,0.943258319,BN_Atlas_246,Yeo2011_17Networks_MNI152_FreeSurferConformed1mm_LiberalMask
80,14,2711,0.951561952,BN_Atlas_246,Yeo2011_17Networks_MNI152_FreeSurferConformed1mm_LiberalMask
81,17,3843,0.87460173,BN_Atlas_246,Yeo2011_17Networks_MNI152_FreeSurferConformed1mm_LiberalMask
82,13,4941,0.865930599,BN_Atlas_246,Yeo2011_17Networks_MNI152_FreeSurferConformed1mm_LiberalMask
83,17,5761,0.906387665,BN_Atlas_246,Yeo2011_17Networks_MNI152_FreeSurferConformed1mm_LiberalMask
84,17,6883,0.899973849,BN_Atlas_246,Yeo2011_17Networks_MNI152_FreeSurferConformed1mm_LiberalMask
85,6,4542,0.940567405,BN_Atlas_246,Yeo2011_17Networks_MNI152_FreeSurferConformed1mm_LiberalMask
86,6,5464,0.94581963,BN_Atlas_246,Yeo2011_17Networks_MNI152_FreeSurferConformed1mm_LiberalMask
87,17,6131,0.927253479,BN_Atlas_246,Yeo2011_17Networks_MNI152_FreeSurferConformed1mm_LiberalMask
88,17,9123,0.961023912,BN_Atlas_246,Yeo2011_17Networks_MNI152_FreeSurferConformed1mm_LiberalMask
89,9,2006,0.830985915,BN_Atlas_246,Yeo2011_17Networks_MNI152_FreeSurferConformed1mm_LiberalMask
90,9,1305,0.878787879,BN_Atlas_246,Yeo2011_17Networks_MNI152_FreeSurferConformed1mm_LiberalMask
91,12,2376,0.932496075,BN_Atlas_246,Yeo2011_17Networks_MNI152_FreeSurferConformed1mm_LiberalMask
92,5,1708,0.930283224,BN_Atlas_246,Yeo2011_17Networks_MNI152_FreeSurferConformed1mm_LiberalMask
93,9,3553,0.902234637,BN_Atlas_246,Yeo2011_17Networks_MNI152_FreeSurferConformed1mm_LiberalMask
94,9,2893,0.849383441,BN_Atlas_246,Yeo2011_17Networks_MNI152_FreeSurferConformed1mm_LiberalMask
95,17,3123,0.86461794,BN_Atlas_246,Yeo2011_17Networks_MNI152_FreeSurferConformed1mm_LiberalMask
96,9,3216,0.910790144,BN_Atlas_246,Yeo2011_17Networks_MNI152_FreeSurferConformed1mm_LiberalMask
97,12,3286,0.97276495,BN_Atlas_246,Yeo2011_17Networks_MNI152_FreeSurferConformed1mm_LiberalMask
98,5,2620,0.966433051,BN_Atlas_246,Yeo2011_17Networks_MNI152_FreeSurferConformed1mm_LiberalMask
99,13,3617,0.909022367,BN_Atlas_246,Yeo2011_17Networks_MNI152_FreeSurferConformed1mm_LiberalMask
100,13,2850,0.927432476,BN_Atlas_246,Yeo2011_17Networks_MNI152_FreeSurferConformed1mm_LiberalMask
101,9,4136,0.91141472,BN_Atlas_246,Yeo2011_17Networks_MNI152_FreeSurferConformed1mm_LiberalMask
102,9,4262,0.953041145,BN_Atlas_246,Yeo2011_17Networks_MNI152_FreeSurferConformed1mm_LiberalMask
103,9,7062,0.864170338,BN_Atlas_246,Yeo2011_17Networks_MNI152_FreeSurferConformed1mm_LiberalMask
104,9,7668,0.879559532,BN_Atlas_246,Yeo2011_17Networks_MNI152_FreeSurferConformed1mm_LiberalMask
105,1,6182,0.86328725,BN_Atlas_246,Yeo2011_17Networks_MNI152_FreeSurferConformed1mm_LiberalMask
106,1,5581,0.891248802,BN_Atlas_246,Yeo2011_17Networks_MNI152_FreeSurferConformed1mm_LiberalMask
107,5,7135,0.927587103,BN_Atlas_246,Yeo2011_17Networks_MNI152_FreeSurferConformed1mm_LiberalMask
108,5,6544,0.936328516,BN_Atlas_246,Yeo2011_17Networks_MNI152_FreeSurferConformed1mm_LiberalMask
109,9,1220,0.910447761,BN_Atlas_246,Yeo2011_17Networks_MNI152_FreeSurferConformed1mm_LiberalMask
110,9,1067,0.986136784,BN_Atlas_246,Yeo2011_17Networks_MNI152_FreeSurferConformed1mm_LiberalMask
111,15,1192,0.967532468,BN_Atlas_246,Yeo2011_17Networks_MNI152_FreeSurferConformed1mm_LiberalMask
112,15,1265,0.93495935,BN_Atlas_246,Yeo2011_17Networks_MNI152_FreeSurferConformed1mm_LiberalMask
113,15,1292,1,BN_Atlas_246,Yeo2011_17Networks_MNI152_FreeSurferConformed1mm_LiberalMask
114,15,1109,0.994618834,BN_Atlas_246,Yeo2011_17Networks_MNI152_FreeSurferConformed1mm_LiberalMask
115,9,1213,0.800660066,BN_Atlas_246,Yeo2011_17Networks_MNI152_FreeSurferConformed1mm_LiberalMask
116,9,798,0.740947075,BN_Atlas_246,Yeo2011_17Networks_MNI152_FreeSurferConformed1mm_LiberalMask
117,9,673,0.857324841,BN_Atlas_246,Yeo2011_17Networks_MNI152_FreeSurferConformed1mm_LiberalMask
118,9,832,0.722222222,BN_Atlas_246,Yeo2011_17Networks_MNI152_FreeSurferConformed1mm_LiberalMask
119,2,1036,0.956602031,BN_Atlas_246,Yeo2011_17Networks_MNI152_FreeSurferConformed1mm_LiberalMask
120,2,1065,0.865853659,BN_Atlas_246,Yeo2011_17Networks_MNI152_FreeSurferConformed1mm_LiberalMask
121,14,2690,0.973579443,BN_Atlas_246,Yeo2011_17Networks_MNI152_FreeSurferConformed1mm_LiberalMask
122,14,2592,0.935064935,BN_Atlas_246,Yeo2011_17Networks_MNI152_FreeSurferConformed1mm_LiberalMask
123,14,2683,0.95616536,BN_Atlas_246,Yeo2011_17Networks_MNI152_FreeSurferConformed1mm_LiberalMask
124,14,2257,0.98558952,BN_Atlas_246,Yeo2011_17Networks_MNI152_FreeSurferConformed1mm_LiberalMask
125,6,2892,0.910866142,BN_Atlas_246,Yeo2011_17Networks_MNI152_FreeSurferConformed1mm_LiberalMask
126,6,4174,0.963082603,BN_Atlas_246,Yeo2011_17Networks_MNI152_FreeSurferConformed1mm_LiberalMask
127,5,3626,0.956728232,BN_Atlas_246,Yeo2011_17Networks_MNI152_FreeSurferConformed1mm_LiberalMask
128,5,4037,0.987766088,BN_Atlas_246,Yeo2011_17Networks_MNI152_FreeSurferConformed1mm_LiberalMask
129,6,3578,0.905593521,BN_Atlas_246,Yeo2011_17Networks_MNI152_FreeSurferConformed1mm_LiberalMask
130,6,3019,0.950267548,BN_Atlas_246,Yeo2011_17Networks_MNI152_FreeSurferConformed1mm_LiberalMask
131,3,3562,0.923755187,BN_Atlas_246,Yeo2011_17Networks_MNI152_FreeSurferConformed1mm_LiberalMask
132,3,3526,0.935526665,BN_Atlas_246,Yeo2011_17Networks_MNI152_FreeSurferConformed1mm_LiberalMask
133,5,2919,0.899815043,BN_Atlas_246,Yeo2011_17Networks_MNI152_FreeSurferConformed1mm_LiberalMask
134,5,3583,0.969951272,BN_Atlas_246,Yeo2011_17Networks_MNI152_FreeSurferConformed1mm_LiberalMask
135,5,8093,0.969453761,BN_Atlas_246,Yeo2011_17Networks_MNI152_FreeSurferConformed1mm_LiberalMask
136,5,9002,0.94578693,BN_Atlas_246,Yeo2011_17Networks_MNI152_FreeSurferConformed1mm_LiberalMask
137,12,6304,0.95154717,BN_Atlas_246,Yeo2011_17Networks_MNI152_FreeSurferConformed1mm_LiberalMask
138,12,7442,0.961498708,BN_Atlas_246,Yeo2011_17Networks_MNI152_FreeSurferConformed1mm_LiberalMask
139,6,7869,0.965166196,BN_Atlas_246,Yeo2011_17Networks_MNI152_FreeSurferConformed1mm_LiberalMask
140,6,8098,0.958003076,BN_Atlas_246,Yeo2011_17Networks_MNI152_FreeSurferConformed1mm_LiberalMask
141,17,8464,0.976915974,BN_Atlas_246,Yeo2011_17Networks_MNI152_FreeSurferConformed1mm_LiberalMask
142,13,9105,0.972860348,BN_Atlas_246,Yeo2011_17Networks_MNI152_FreeSurferConformed1mm_LiberalMask
143,16,12096,0.976744186,BN_Atlas_246,Yeo2011_17Networks_MNI152_FreeSurferConformed1mm_LiberalMask
144,16,10488,0.9817467,BN_Atlas_246,Yeo2011_17Networks_MNI152_FreeSurferConformed1mm_LiberalMask
145,7,8290,0.978979688,BN_Atlas_246,Yeo2011_17Networks_MNI152_FreeSurferConformed1mm_LiberalMask
146,7,9631,0.965223492,BN_Atlas_246,Yeo2011_17Networks_MNI152_FreeSurferConformed1mm_LiberalMask
147,11,3794,0.937716263,BN_Atlas_246,Yeo2011_17Networks_MNI152_FreeSurferConformed1mm_LiberalMask
148,11,3541,0.947805139,BN_Atlas_246,Yeo2011_17Networks_MNI152_FreeSurferConformed1mm_LiberalMask
149,7,4330,0.955217295,BN_Atlas_246,Yeo2011_17Networks_MNI152_FreeSurferConformed1mm_LiberalMask
150,6,4944,0.939745296,BN_Atlas_246,Yeo2011_17Networks_MNI152_FreeSurferConformed1mm_LiberalMask
151,11,6576,0.925415142,BN_Atlas_246,Yeo2011_17Networks_MNI152_FreeSurferConformed1mm_LiberalMask
152,2,8038,0.934433853,BN_Atlas_246,Yeo2011_17Networks_MNI152_FreeSurferConformed1mm_LiberalMask
153,16,6060,0.967896502,BN_Atlas_246,Yeo2011_17Networks_MNI152_FreeSurferConformed1mm_LiberalMask
154,16,6873,0.925282714,BN_Atlas_246,Yeo2011_17Networks_MNI152_FreeSurferConformed1mm_LiberalMask
155,4,6918,0.940201142,BN_Atlas_246,Yeo2011_17Networks_MNI152_FreeSurferConformed1mm_LiberalMask
156,4,6924,0.942553771,BN_Atlas_246,Yeo2011_17Networks_MNI152_FreeSurferConformed1mm_LiberalMask
157,4,4778,0.955408918,BN_Atlas_246,Yeo2011_17Networks_MNI152_FreeSurferConformed1mm_LiberalMask
158,4,4735,0.964751426,BN_Atlas_246,Yeo2011_17Networks_MNI152_FreeSurferConformed1mm_LiberalMask
159,6,5816,0.971600401,BN_Atlas_246,Yeo2011_17Networks_MNI152_FreeSurferConformed1mm_LiberalMask
160,3,5661,0.959979651,BN_Atlas_246,Yeo2011_17Networks_MNI152_FreeSurferConformed1mm_LiberalMask
161,3,4803,0.901633189,BN_Atlas_246,Yeo2011_17Networks_MNI152_FreeSurferConformed1mm_LiberalMask
162,3,3717,0.907027818,BN_Atlas_246,Yeo2011_17Networks_MNI152_FreeSurferConformed1mm_LiberalMask
163,4,2538,0.957374576,BN_Atlas_246,Yeo2011_17Networks_MNI152_FreeSurferConformed1mm_LiberalMask
164,4,2103,0.966008268,BN_Atlas_246,Yeo2011_17Networks_MNI152_FreeSurferConformed1mm_LiberalMask
165,8,1259,0.680908599,BN_Atlas_246,Yeo2011_17Networks_MNI152_FreeSurferConformed1mm_LiberalMask
166,8,1127,0.659064327,BN_Atlas_246,Yeo2011_17Networks_MNI152_FreeSurferConformed1mm_LiberalMask
167,8,1956,0.946298984,BN_Atlas_246,Yeo2011_17Networks_MNI152_FreeSurferConformed1mm_LiberalMask
168,8,1813,0.986398259,BN_Atlas_246,Yeo2011_17Networks_MNI152_FreeSurferConformed1mm_LiberalMask
169,7,2032,0.941612604,BN_Atlas_246,Yeo2011_17Networks_MNI152_FreeSurferConformed1mm_LiberalMask
170,7,2071,0.912736888,BN_Atlas_246,Yeo2011_17Networks_MNI152_FreeSurferConformed1mm_LiberalMask
171,4,2126,0.919152616,BN_Atlas_246,Yeo2011_17Networks_MNI152_FreeSurferConformed1mm_LiberalMask
172,4,2015,0.950023574,BN_Atlas_246,Yeo2011_17Networks_MNI152_FreeSurferConformed1mm_LiberalMask
173,7,2718,0.931140802,BN_Atlas_246,Yeo2011_17Networks_MNI152_FreeSurferConformed1mm_LiberalMask
174,7,2268,0.946577629,BN_Atlas_246,Yeo2011_17Networks_MNI152_FreeSurferConformed1mm_LiberalMask
175,16,3446,0.939989089,BN_Atlas_246,Yeo2011_17Networks_MNI152_FreeSurferConformed1mm_LiberalMask
176,16,3248,0.949707602,BN_Atlas_246,Yeo2011_17Networks_MNI152_FreeSurferConformed1mm_LiberalMask
177,8,1372,0.915276851,BN_Atlas_246,Yeo2011_17Networks_MNI152_FreeSurferConformed1mm_LiberalMask
178,16,2145,0.885631709,BN_Atlas_246,Yeo2011_17Networks_MNI152_FreeSurferConformed1mm_LiberalMask
179,16,3699,0.965040438,BN_Atlas_246,Yeo2011_17Networks_MNI152_FreeSurferConformed1mm_LiberalMask
180,8,2684,0.882024318,BN_Atlas_246,Yeo2011_17Networks_MNI152_FreeSurferConformed1mm_LiberalMask
181,15,2341,0.825458392,BN_Atlas_246,Yeo2011_17Networks_MNI152_FreeSurferConformed1mm_LiberalMask
182,15,2093,0.791005291,BN_Atlas_246,Yeo2011_17Networks_MNI152_FreeSurferConformed1mm_LiberalMask
183,7,2661,0.938293371,BN_Atlas_246,Yeo2011_17Networks_MNI152_FreeSurferConformed1mm_LiberalMask
184,7,1949,0.918473139,BN_Atlas_246,Yeo2011_17Networks_MNI152_FreeSurferConformed1mm_LiberalMask
185,7,4548,0.967453733,BN_Atlas_246,Yeo2011_17Networks_MNI152_FreeSurferConformed1mm_LiberalMask
186,7,4061,0.931635696,BN_Atlas_246,Yeo2011_17Networks_MNI152_FreeSurferConformed1mm_LiberalMask
187,16,4664,0.954954955,BN_Atlas_246,Yeo2011_17Networks_MNI152_FreeSurferConformed1mm_LiberalMask
188,16,3122,0.930274136,BN_Atlas_246,Yeo2011_17Networks_MNI152_FreeSurferConformed1mm_LiberalMask
189,1,3471,0.882083863,BN_Atlas_246,Yeo2011_17Networks_MNI152_FreeSurferConformed1mm_LiberalMask
190,1,4414,0.913304366,BN_Atlas_246,Yeo2011_17Networks_MNI152_FreeSurferConformed1mm_LiberalMask
191,2,5918,0.928605053,BN_Atlas_246,Yeo2011_17Networks_MNI152_FreeSurferConformed1mm_LiberalMask
192,2,6069,0.894209518,BN_Atlas_246,Yeo2011_17Networks_MNI152_FreeSurferConformed1mm_LiberalMask
193,1,4569,0.925835866,BN_Atlas_246,Yeo2011_17Networks_MNI152_FreeSurferConformed1mm_LiberalMask
194,2,4355,0.892966988,BN_Atlas_246,Yeo2011_17Networks_MNI152_FreeSurferConformed1mm_LiberalMask
195,2,5772,0.949967084,BN_Atlas_246,Yeo2011_17Networks_MNI152_FreeSurferConformed1mm_LiberalMask
196,2,6597,0.945264365,BN_Atlas_246,Yeo2011_17Networks_MNI152_FreeSurferConformed1mm_LiberalMask
197,2,7090,0.917324363,BN_Atlas_246,Yeo2011_17Networks_MNI152_FreeSurferConformed1mm_LiberalMask
198,2,7491,0.947029077,BN_Atlas_246,Yeo2011_17Networks_MNI152_FreeSurferConformed1mm_LiberalMask
199,1,6040,0.931380108,BN_Atlas_246,Yeo2011_17Networks_MNI152_FreeSurferConformed1mm_LiberalMask
200,1,6319,0.931319086,BN_Atlas_246,Yeo2011_17Networks_MNI152_FreeSurferConformed1mm_LiberalMask
201,1,5699,0.940429043,BN_Atlas_246,Yeo2011_17Networks_MNI152_FreeSurferConformed1mm_LiberalMask
202,1,5991,0.925679852,BN_Atlas_246,Yeo2011_17Networks_MNI152_FreeSurferConformed1mm_LiberalMask
203,1,7678,0.958312531,BN_Atlas_246,Yeo2011_17Networks_MNI152_FreeSurferConformed1mm_LiberalMask
204,1,7514,0.938428875,BN_Atlas_246,Yeo2011_17Networks_MNI152_FreeSurferConformed1mm_LiberalMask
205,1,7164,0.874084919,BN_Atlas_246,Yeo2011_17Networks_MNI152_FreeSurferConformed1mm_LiberalMask
206,1,6415,0.867478026,BN_Atlas_246,Yeo2011_17Networks_MNI152_FreeSurferConformed1mm_LiberalMask
207,2,4707,0.968717843,BN_Atlas_246,Yeo2011_17Networks_MNI152_FreeSurferConformed1mm_LiberalMask
208,2,4952,0.950297448,BN_Atlas_246,Yeo2011_17Networks_MNI152_FreeSurferConformed1mm_LiberalMask
209,5,4673,0.976593521,BN_Atlas_246,Yeo2011_17Networks_MNI152_FreeSurferConformed1mm_LiberalMask
210,5,5990,0.977959184,BN_Atlas_246,Yeo2011_17Networks_MNI152_FreeSurferConformed1mm_LiberalMask
211,9,174,0.143564356,BN_Atlas_246,Yeo2011_17Networks_MNI152_FreeSurferConformed1mm_LiberalMask
212,9,168,0.101879927,BN_Atlas_246,Yeo2011_17Networks_MNI152_FreeSurferConformed1mm_LiberalMask
213,9,9,0.013615734,BN_Atlas_246,Yeo2011_17Networks_MNI152_FreeSurferConformed1mm_LiberalMask
214,9,41,0.040275049,BN_Atlas_246,Yeo2011_17Networks_MNI152_FreeSurferConformed1mm_LiberalMask
215,15,433,0.092422625,BN_Atlas_246,Yeo2011_17Networks_MNI152_FreeSurferConformed1mm_LiberalMask
216,15,424,0.108885465,BN_Atlas_246,Yeo2011_17Networks_MNI152_FreeSurferConformed1mm_LiberalMask
217,15,487,0.104484016,BN_Atlas_246,Yeo2011_17Networks_MNI152_FreeSurferConformed1mm_LiberalMask
218,15,385,0.0775428,BN_Atlas_246,Yeo2011_17Networks_MNI152_FreeSurferConformed1mm_LiberalMask
219,,0,0,BN_Atlas_246,Yeo2011_17Networks_MNI152_FreeSurferConformed1mm_LiberalMask
220,,0,0,BN_Atlas_246,Yeo2011_17Networks_MNI152_FreeSurferConformed1mm_LiberalMask
221,,0,0,BN_Atlas_246,Yeo2011_17Networks_MNI152_FreeSurferConformed1mm_LiberalMask
222,,0,0,BN_Atlas_246,Yeo2011_17Networks_MNI152_FreeSurferConformed1mm_LiberalMask
223,10,47,0.018000766,BN_Atlas_246,Yeo2011_17Networks_MNI152_FreeSurferConformed1mm_LiberalMask
224,10,136,0.041666667,BN_Atlas_246,Yeo2011_17Networks_MNI152_FreeSurferConformed1mm_LiberalMask
225,7,1,0.000372717,BN_Atlas_246,Yeo2011_17Networks_MNI152_FreeSurferConformed1mm_LiberalMask
226,,0,0,BN_Atlas_246,Yeo2011_17Networks_MNI152_FreeSurferConformed1mm_LiberalMask
227,,0,0,BN_Atlas_246,Yeo2011_17Networks_MNI152_FreeSurferConformed1mm_LiberalMask
228,,0,0,BN_Atlas_246,Yeo2011_17Networks_MNI152_FreeSurferConformed1mm_LiberalMask
229,,0,0,BN_Atlas_246,Yeo2011_17Networks_MNI152_FreeSurferConformed1mm_LiberalMask
230,,0,0,BN_Atlas_246,Yeo2011_17Networks_MNI152_FreeSurferConformed1mm_LiberalMask
231,,0,0,BN_Atlas_246,Yeo2011_17Networks_MNI152_FreeSurferConformed1mm_LiberalMask
232,,0,0,BN_Atlas_246,Yeo2011_17Networks_MNI152_FreeSurferConformed1mm_LiberalMask
233,,0,0,BN_Atlas_246,Yeo2011_17Networks_MNI152_FreeSurferConformed1mm_LiberalMask
234,,0,0,BN_Atlas_246,Yeo2011_17Networks_MNI152_FreeSurferConformed1mm_LiberalMask
235,,0,0,BN_Atlas_246,Yeo2011_17Networks_MNI152_FreeSurferConformed1mm_LiberalMask
236,,0,0,BN_Atlas_246,Yeo2011_17Networks_MNI152_FreeSurferConformed1mm_LiberalMask
237,,0,0,BN_Atlas_246,Yeo2011_17Networks_MNI152_FreeSurferConformed1mm_LiberalMask
238,,0,0,BN_Atlas_246,Yeo2011_17Networks_MNI152_FreeSurferConformed1mm_LiberalMask
239,,0,0,BN_Atlas_246,Yeo2011_17Networks_MNI152_FreeSurferConformed1mm_LiberalMask
240,,0,0,BN_Atlas_246,Yeo2011_17Networks_MNI152_FreeSurferConformed1mm_LiberalMask
241,,0,0,BN_Atlas_246,Yeo2011_17Networks_MNI152_FreeSurferConformed1mm_LiberalMask
242,,0,0,BN_Atlas_246,Yeo2011_17Networks_MNI152_FreeSurferConformed1mm_LiberalMask
243,,0,0,BN_Atlas_246,Yeo2011_17Networks_MNI152_FreeSurferConformed1mm_LiberalMask
244,,0,0,BN_Atlas_246,Yeo2011_17Networks_MNI152_FreeSurferConformed1mm_LiberalMask
245,,0,0,BN_Atlas_246,Yeo2011_17Networks_MNI152_FreeSurferConformed1mm_LiberalMask
246,,0,0,BN_Atlas_246,Yeo2011_17Networks_MNI152_FreeSurferConformed1mm_LiberalMask